user_id,song_id,reward
0,188,1
0,165,1
0,52,0
0,56,1
0,71,1
0,18,1
0,165,0
0,46,1
0,89,0
0,94,0
0,158,1
0,193,1
0,162,1
0,27,1
0,190,0
0,168,1
0,191,0
0,56,0
0,23,0
0,11,1
0,163,0
0,129,1
0,0,1
0,176,0
0,113,1
0,27,1
0,6,0
0,55,1
0,162,0
0,188,1
0,60,0
0,45,0
0,85,1
0,199,0
0,68,1
0,97,0
0,56,1
0,89,1
0,58,0
0,115,1
0,197,0
0,115,1
0,84,0
0,56,1
0,67,1
0,89,1
0,168,0
0,165,1
0,128,1
0,137,0
1,188,1
1,11,0
1,159,0
1,184,0
1,199,1
1,61,1
1,199,0
1,38,1
1,162,0
1,46,1
1,193,1
1,46,1
1,188,1
1,153,1
1,12,0
1,172,0
1,37,1
1,138,1
1,116,0
1,43,1
1,115,1
1,0,0
1,27,1
1,157,1
1,18,1
1,170,0
1,83,0
1,156,0
1,109,0
1,36,1
1,56,1
1,70,0
1,191,1
1,61,1
1,158,1
1,114,1
1,16,0
1,133,1
1,120,1
1,178,1
1,147,0
1,89,1
1,120,1
1,154,0
1,59,1
1,85,1
1,185,1
1,27,0
1,115,1
1,12,1
2,136,1
2,90,1
2,100,1
2,107,0
2,4,1
2,97,1
2,189,1
2,73,1
2,33,1
2,28,1
2,198,1
2,174,1
2,29,0
2,84,1
2,84,1
2,96,0
2,19,0
2,62,1
2,175,0
2,170,1
2,116,1
2,189,1
2,125,1
2,162,0
2,33,1
2,166,0
2,137,0
2,171,1
2,22,0
2,136,1
2,93,1
2,46,0
2,75,1
2,179,0
2,150,0
2,110,1
2,176,0
2,114,0
2,69,1
2,190,1
2,150,1
2,140,0
2,69,1
2,60,1
2,195,0
2,141,1
2,150,1
2,49,0
2,84,1
2,76,1
3,61,1
3,143,1
3,61,1
3,38,0
3,138,1
3,143,1
3,8,1
3,77,1
3,162,1
3,188,1
3,129,0
3,166,0
3,188,1
3,25,0
3,46,1
3,55,1
3,0,1
3,138,1
3,61,1
3,48,0
3,160,0
3,50,0
3,193,1
3,35,1
3,71,1
3,73,0
3,71,1
3,128,1
3,168,1
3,83,1
3,48,0
3,147,0
3,59,1
3,44,0
3,59,1
3,191,0
3,120,1
3,199,1
3,120,1
3,115,0
3,133,1
3,18,0
3,153,0
3,158,1
3,157,1
3,160,0
3,59,1
3,112,0
3,1,0
3,55,1
4,0,1
4,18,1
4,35,1
4,130,0
4,138,0
4,162,1
4,168,1
4,17,0
4,106,0
4,68,0
4,71,0
4,199,1
4,158,1
4,158,1
4,48,0
4,114,1
4,11,1
4,114,1
4,193,0
4,6,1
4,84,0
4,112,1
4,3,0
4,193,0
4,56,1
4,193,1
4,158,1
4,143,0
4,11,1
4,61,0
4,111,0
4,180,0
4,71,0
4,8,1
4,35,1
4,38,1
4,114,1
4,166,1
4,56,1
4,133,0
4,36,1
4,150,0
4,176,0
4,50,0
4,27,1
4,165,1
4,1,0
4,59,1
4,199,1
4,168,1
5,73,0
5,103,1
5,79,1
5,168,0
5,40,0
5,88,1
5,108,1
5,86,1
5,65,1
5,108,1
5,42,1
5,123,0
5,98,0
5,34,1
5,173,0
5,142,0
5,3,0
5,108,1
5,192,1
5,108,1
5,26,1
5,83,0
5,34,1
5,88,1
5,30,0
5,155,1
5,175,1
5,175,1
5,39,0
5,155,1
5,71,1
5,139,1
5,108,1
5,175,0
5,31,1
5,42,0
5,23,0
5,26,1
5,50,1
5,182,1
5,68,1
5,2,1
5,33,0
5,28,0
5,2,1
5,150,0
5,31,1
5,42,1
5,108,1
5,159,1
6,199,1
6,1,1
6,115,1
6,129,1
6,168,1
6,188,1
6,83,1
6,61,1
6,13,1
6,193,1
6,184,0
6,48,1
6,102,0
6,128,1
6,35,1
6,12,0
6,13,1
6,27,1
6,162,1
6,120,1
6,128,0
6,73,0
6,165,1
6,138,1
6,162,1
6,146,0
6,162,0
6,157,1
6,168,0
6,68,1
6,71,0
6,38,0
6,115,1
6,7,1
6,114,1
6,113,1
6,165,1
6,39,1
6,12,1
6,143,1
6,46,1
6,128,1
6,166,1
6,6,1
6,14,1
6,46,1
6,74,0
6,128,1
6,48,1
6,90,1
7,10,0
7,19,0
7,176,1
7,104,1
7,111,1
7,117,0
7,22,0
7,142,1
7,130,0
7,56,0
7,154,1
7,72,0
7,195,0
7,49,1
7,49,1
7,53,0
7,146,1
7,114,0
7,164,1
7,194,1
7,151,1
7,102,1
7,19,1
7,17,1
7,195,0
7,157,0
7,177,1
7,10,0
7,166,1
7,154,1
7,25,0
7,182,1
7,16,1
7,145,1
7,125,1
7,140,1
7,17,1
7,19,1
7,127,1
7,168,0
7,49,1
7,49,0
7,195,1
7,180,1
7,173,1
7,32,0
7,189,0
7,23,0
7,125,1
7,74,1
8,49,0
8,15,1
8,129,0
8,134,1
8,179,1
8,54,1
8,179,0
8,117,1
8,73,0
8,117,1
8,141,0
8,196,0
8,118,0
8,128,0
8,51,0
8,75,1
8,99,1
8,150,0
8,54,1
8,37,0
8,69,0
8,6,0
8,99,1
8,95,0
8,23,0
8,33,1
8,141,1
8,141,1
8,20,1
8,33,1
8,135,0
8,60,1
8,110,1
8,15,1
8,152,0
8,170,1
8,116,1
8,170,1
8,20,1
8,150,1
8,129,0
8,141,1
8,99,1
8,15,1
8,160,1
8,93,1
8,93,0
8,196,1
8,181,1
8,136,1
9,65,0
9,88,1
9,139,1
9,65,1
9,12,0
9,42,1
9,131,1
9,98,1
9,155,1
9,68,0
9,20,0
9,46,0
9,39,1
9,139,1
9,139,1
9,103,1
9,31,1
9,108,1
9,40,0
9,139,1
9,108,1
9,8,0
9,108,1
9,146,1
9,92,1
9,42,1
9,160,1
9,79,1
9,54,0
9,155,1
9,34,1
9,113,0
9,81,0
9,140,0
9,40,1
9,163,1
9,68,1
9,50,1
9,108,1
9,182,1
9,16,0
9,184,1
9,132,0
9,92,1
9,160,1
9,199,0
9,50,1
9,14,0
9,88,1
9,68,1
10,72,0
10,122,0
10,122,1
10,107,1
10,118,1
10,137,0
10,185,1
10,7,1
10,197,0
10,156,1
10,10,1
10,77,1
10,62,0
10,77,1
10,44,1
10,47,1
10,178,1
10,88,0
10,87,1
10,62,1
10,62,1
10,187,1
10,62,0
10,83,0
10,48,0
10,107,1
10,127,1
10,129,0
10,118,1
10,105,1
10,172,1
10,178,1
10,64,1
10,93,1
10,112,1
10,24,1
10,112,1
10,174,0
10,29,1
10,86,0
10,37,1
10,107,1
10,135,1
10,96,1
10,35,0
10,44,1
10,172,1
10,172,1
10,118,1
10,94,1
11,110,1
11,185,0
11,174,1
11,198,1
11,14,1
11,181,1
11,97,1
11,5,1
11,48,1
11,33,1
11,148,1
11,188,0
11,132,0
11,190,1
11,57,1
11,161,1
11,184,0
11,67,0
11,73,1
11,84,1
11,176,0
11,97,1
11,184,0
11,196,1
11,101,0
11,37,0
11,20,1
11,75,1
11,161,1
11,76,1
11,171,1
11,150,1
11,23,1
11,25,0
11,163,0
11,189,0
11,122,0
11,73,1
11,20,1
11,5,0
11,57,0
11,109,1
11,81,0
11,170,1
11,85,0
11,139,0
11,34,0
11,60,0
11,136,1
11,3,1
12,145,1
12,186,0
12,109,0
12,197,1
12,122,0
12,101,1
12,102,0
12,176,1
12,91,1
12,106,1
12,106,1
12,104,1
12,45,1
12,180,1
12,120,0
12,55,0
12,180,0
12,145,1
12,176,1
12,129,0
12,51,1
12,41,1
12,125,1
12,17,1
12,146,1
12,106,1
12,7,1
12,16,1
12,138,0
12,17,0
12,104,1
12,196,0
12,107,0
12,114,0
12,96,1
12,138,1
12,30,1
12,164,1
12,0,0
12,118,0
12,169,1
12,146,1
12,41,1
12,186,1
12,4,0
12,180,1
12,17,1
12,145,1
12,17,1
12,59,0
13,81,1
13,82,0
13,169,0
13,76,1
13,188,0
13,116,1
13,97,0
13,150,1
13,33,1
13,161,1
13,76,0
13,136,0
13,110,1
13,73,1
13,20,0
13,23,1
13,13,0
13,174,1
13,171,1
13,141,1
13,77,0
13,60,0
13,141,0
13,66,1
13,90,1
13,161,1
13,99,1
13,23,0
13,194,0
13,94,0
13,69,1
13,163,0
13,110,1
13,69,1
13,127,0
13,86,0
13,185,0
13,54,1
13,32,1
13,161,0
13,134,1
13,171,1
13,32,0
13,33,1
13,99,1
13,179,0
13,4,1
13,3,1
13,137,0
13,198,1
14,45,1
14,49,1
14,101,0
14,130,1
14,117,0
14,57,0
14,20,0
14,194,1
14,127,1
14,7,1
14,142,1
14,25,0
14,58,0
14,145,1
14,19,1
14,169,1
14,111,1
14,49,1
14,101,0
14,176,1
14,99,0
14,127,1
14,21,1
14,13,1
14,19,1
14,152,1
14,7,1
14,115,0
14,127,1
14,197,1
14,75,0
14,21,1
14,194,1
14,125,1
14,106,1
14,26,1
14,145,1
14,25,1
14,21,1
14,98,1
14,21,1
14,91,1
14,127,1
14,102,1
14,142,1
14,19,1
14,184,0
14,72,1
14,7,0
14,186,1
15,112,0
15,166,0
15,111,1
15,151,1
15,81,0
15,152,0
15,83,0
15,100,0
15,51,1
15,173,1
15,181,0
15,177,1
15,104,1
15,106,1
15,142,1
15,180,1
15,154,0
15,107,0
15,92,0
15,152,1
15,91,1
15,195,1
15,195,1
15,119,0
15,7,1
15,164,1
15,80,1
15,177,1
15,9,1
15,21,1
15,36,0
15,74,1
15,25,1
15,111,1
15,41,1
15,25,1
15,91,1
15,119,1
15,59,0
15,53,1
15,9,1
15,115,0
15,74,1
15,16,1
15,137,1
15,146,1
15,152,1
15,180,1
15,41,1
15,158,1
16,167,1
16,24,1
16,62,1
16,135,1
16,121,1
16,44,1
16,185,1
16,142,1
16,44,1
16,22,0
16,124,1
16,143,0
16,124,1
16,113,0
16,10,1
16,22,1
16,44,1
16,156,1
16,29,1
16,112,0
16,172,1
16,112,1
16,26,0
16,62,1
16,115,0
16,22,1
16,198,0
16,137,1
16,135,1
16,121,1
16,47,0
16,112,1
16,78,0
16,118,1
16,173,0
16,156,1
16,70,0
16,178,1
16,78,0
16,173,0
16,122,1
16,96,1
16,196,1
16,64,1
16,116,0
16,10,0
16,23,0
16,124,1
16,136,0
16,54,0
17,81,1
17,170,0
17,174,1
17,181,1
17,28,0
17,136,1
17,51,0
17,166,0
17,70,1
17,20,1
17,42,1
17,198,1
17,20,1
17,141,1
17,150,1
17,198,1
17,116,1
17,69,1
17,26,1
17,84,1
17,192,0
17,196,1
17,3,1
17,97,1
17,33,0
17,117,0
17,23,1
17,100,1
17,32,1
17,73,1
17,174,1
17,6,0
17,84,1
17,60,1
17,14,1
17,61,0
17,147,1
17,3,0
17,33,1
17,107,0
17,141,0
17,4,1
17,66,1
17,109,1
17,148,1
17,109,1
17,179,1
17,20,1
17,33,1
17,181,1
18,122,1
18,137,0
18,62,1
18,96,1
18,124,1
18,30,1
18,10,1
18,133,0
18,66,1
18,156,0
18,30,0
18,167,1
18,64,1
18,24,1
18,22,1
18,87,1
18,146,0
18,137,1
18,178,1
18,87,1
18,185,0
18,167,0
18,107,1
18,185,1
18,24,1
18,124,0
18,167,1
18,94,1
18,77,1
18,24,1
18,47,1
18,189,0
18,118,0
18,198,1
18,194,0
18,185,1
18,87,1
18,10,0
18,124,1
18,78,1
18,62,1
18,36,0
18,185,1
18,105,1
18,137,1
18,37,1
18,118,1
18,187,1
18,178,1
18,179,0
19,96,1
19,47,1
19,27,1
19,96,1
19,87,0
19,77,1
19,23,1
19,172,1
19,47,0
19,24,1
19,101,0
19,64,0
19,187,1
19,137,1
19,29,0
19,10,1
19,56,1
19,95,1
19,21,0
19,172,1
19,50,0
19,37,1
19,84,1
19,12,1
19,172,1
19,94,1
19,47,0
19,96,0
19,121,1
19,105,1
19,22,1
19,95,1
19,134,0
19,139,0
19,182,0
19,105,1
19,78,1
19,78,1
19,167,1
19,105,1
19,59,0
19,124,1
19,167,0
19,187,1
19,99,0
19,44,1
19,167,1
19,118,1
19,145,0
19,47,0
20,126,0
20,5,1
20,69,1
20,93,0
20,32,1
20,90,1
20,33,1
20,93,0
20,190,1
20,84,1
20,187,0
20,124,0
20,163,1
20,91,0
20,57,1
20,75,1
20,179,0
20,170,1
20,179,1
20,147,1
20,60,1
20,181,0
20,190,1
20,114,1
20,198,1
20,23,1
20,117,1
20,105,0
20,161,1
20,147,1
20,54,1
20,8,0
20,23,1
20,100,1
20,20,1
20,123,0
20,189,1
20,40,1
20,60,1
20,161,1
20,73,1
20,163,0
20,99,1
20,190,1
20,23,1
20,81,0
20,28,1
20,147,0
20,189,1
20,100,1
21,56,1
21,59,1
21,199,1
21,158,1
21,58,0
21,133,1
21,138,1
21,71,1
21,182,1
21,157,0
21,188,1
21,114,1
21,54,0
21,128,1
21,43,0
21,168,1
21,17,1
21,162,1
21,133,0
21,188,1
21,28,0
21,166,1
21,25,0
21,13,1
21,88,0
21,193,1
21,6,1
21,188,1
21,6,1
21,176,0
21,68,0
21,71,1
21,178,0
21,58,1
21,113,1
21,120,1
21,129,1
21,189,0
21,113,0
21,36,1
21,103,1
21,145,1
21,43,0
21,133,1
21,43,1
21,129,1
21,174,1
21,168,1
21,121,0
21,36,0
22,12,1
22,36,0
22,54,0
22,46,1
22,1,0
22,174,1
22,165,1
22,57,0
22,78,0
22,70,0
22,89,1
22,71,1
22,101,0
22,199,0
22,143,1
22,71,1
22,85,0
22,59,1
22,166,1
22,55,0
22,153,1
22,27,1
22,61,1
22,114,1
22,165,0
22,48,1
22,138,0
22,153,1
22,199,0
22,13,1
22,185,0
22,46,0
22,167,1
22,71,1
22,95,0
22,18,1
22,149,0
22,138,0
22,114,1
22,35,1
22,120,0
22,117,1
22,46,1
22,191,0
22,8,1
22,36,1
22,12,1
22,128,1
22,98,1
22,113,0
23,193,0
23,124,1
23,57,0
23,37,1
23,77,1
23,76,0
23,107,1
23,183,1
23,183,1
23,42,0
23,103,1
23,37,1
23,107,1
23,122,1
23,122,1
23,22,1
23,29,1
23,135,1
23,29,1
23,37,1
23,10,1
23,124,1
23,135,1
23,26,0
23,77,1
23,47,1
23,133,0
23,95,1
23,105,0
23,105,1
23,124,1
23,118,1
23,24,1
23,137,1
23,62,1
23,67,0
23,44,0
23,92,0
23,137,1
23,11,1
23,122,1
23,96,0
23,137,1
23,46,1
23,96,1
23,178,1
23,183,1
23,135,1
23,40,1
23,123,0
24,63,1
24,156,1
24,50,1
24,132,1
24,92,1
24,134,1
24,184,1
24,86,1
24,40,1
24,123,0
24,126,1
24,156,1
24,58,1
24,155,0
24,155,1
24,82,1
24,126,1
24,144,1
24,39,0
24,42,0
24,4,1
24,182,1
24,154,0
24,159,1
24,144,0
24,31,0
24,84,0
24,149,1
24,139,1
24,56,1
24,86,1
24,40,1
24,50,0
24,104,1
24,65,1
24,55,0
24,183,0
24,11,0
24,150,1
24,117,0
24,34,0
24,31,1
24,192,1
24,63,1
24,50,1
24,92,1
24,70,1
24,75,0
24,132,1
24,131,1
25,80,0
25,161,0
25,135,1
25,124,1
25,45,0
25,78,1
25,143,0
25,124,1
25,183,0
25,178,1
25,29,1
25,124,1
25,167,1
25,64,1
25,167,1
25,8,0
25,121,0
25,57,0
25,62,1
25,178,1
25,185,1
25,167,0
25,112,1
25,51,0
25,113,0
25,180,0
25,118,1
25,156,1
25,96,1
25,44,0
25,30,0
25,112,1
25,178,1
25,135,0
25,185,1
25,185,1
25,77,1
25,87,1
25,134,0
25,24,1
25,112,1
25,62,0
25,78,1
25,156,1
25,112,0
25,2,1
25,62,0
25,121,1
25,183,1
25,29,1
26,77,1
26,156,1
26,114,0
26,122,1
26,187,1
26,197,0
26,24,1
26,47,0
26,29,1
26,189,0
26,187,1
26,10,1
26,24,1
26,64,1
26,62,0
26,96,1
26,10,1
26,10,1
26,156,1
26,178,1
26,27,0
26,121,1
26,112,1
26,7,0
26,37,1
26,139,0
26,77,1
26,186,0
26,2,0
26,29,1
26,94,1
26,78,1
26,185,1
26,122,0
26,44,1
26,49,1
26,118,0
26,140,0
26,77,1
26,47,1
26,78,1
26,62,1
26,183,1
26,78,1
26,118,1
26,167,1
26,10,1
26,182,0
26,172,1
26,78,0
27,87,1
27,29,1
27,172,1
27,137,1
27,160,1
27,10,0
27,172,1
27,118,1
27,64,1
27,120,0
27,94,1
27,187,0
27,107,1
27,107,1
27,187,0
27,44,1
27,44,1
27,168,0
27,137,1
27,62,1
27,64,1
27,47,1
27,99,0
27,22,1
27,29,1
27,172,1
27,148,0
27,122,1
27,183,0
27,94,0
27,94,1
27,124,1
27,1,0
27,44,1
27,64,1
27,87,1
27,169,0
27,184,1
27,105,1
27,172,1
27,37,1
27,122,1
27,37,1
27,44,1
27,118,1
27,186,0
27,24,1
27,105,0
27,172,1
27,118,0
28,199,1
28,85,0
28,11,1
28,13,1
28,153,1
28,155,1
28,188,1
28,136,0
28,138,1
28,138,0
28,198,0
28,120,1
28,157,1
28,123,0
28,166,0
28,178,0
28,56,1
28,12,1
28,104,0
28,0,1
28,0,1
28,83,1
28,128,1
28,158,1
28,59,0
28,46,1
28,123,1
28,138,1
28,89,1
28,27,0
28,48,1
28,36,1
28,85,0
28,8,1
28,1,0
28,120,0
28,11,1
28,168,1
28,115,1
28,168,1
28,44,0
28,43,0
28,132,0
28,168,1
28,188,1
28,55,1
28,22,0
28,90,0
28,43,1
28,17,0
29,162,0
29,59,1
29,116,0
29,56,1
29,162,1
29,18,0
29,137,0
29,129,0
29,55,1
29,117,0
29,7,0
29,114,1
29,173,0
29,105,0
29,0,1
29,61,1
29,85,1
29,121,0
29,165,1
29,174,0
29,43,1
29,56,1
29,55,0
29,13,1
29,199,1
29,158,0
29,95,0
29,165,0
29,153,1
29,165,1
29,128,1
29,153,1
29,198,1
29,178,0
29,0,1
29,166,1
29,56,1
29,59,1
29,113,1
29,120,1
29,115,1
29,27,0
29,13,1
29,142,0
29,35,0
29,121,0
29,143,1
29,161,0
29,124,0
29,165,1
30,36,1
30,121,0
30,85,1
30,162,0
30,1,1
30,168,1
30,193,1
30,72,0
30,143,1
30,12,1
30,191,0
30,163,0
30,191,1
30,11,1
30,83,1
30,59,1
30,129,1
30,191,1
30,105,1
30,32,0
30,12,1
30,13,1
30,140,1
30,134,0
30,56,1
30,114,1
30,61,1
30,157,0
30,199,1
30,121,0
30,69,0
30,158,1
30,191,1
30,111,0
30,71,0
30,48,0
30,113,1
30,0,1
30,34,0
30,0,1
30,138,1
30,74,0
30,140,0
30,162,1
30,193,1
30,56,1
30,157,1
30,177,0
30,158,0
30,11,1
31,122,1
31,135,1
31,10,1
31,5,1
31,64,1
31,10,1
31,105,1
31,167,1
31,118,1
31,24,0
31,14,0
31,112,1
31,172,1
31,10,1
31,63,0
31,63,0
31,96,1
31,124,0
31,124,0
31,40,0
31,185,1
31,105,1
31,183,1
31,29,1
31,10,1
31,29,1
31,22,1
31,135,1
31,24,1
31,124,1
31,194,0
31,122,1
31,29,1
31,112,1
31,112,1
31,94,1
31,183,1
31,143,0
31,47,1
31,78,1
31,172,1
31,41,1
31,77,0
31,96,1
31,94,1
31,158,0
31,61,0
31,187,1
31,107,1
31,39,0
32,92,1
32,34,1
32,45,0
32,155,1
32,126,1
32,192,1
32,34,1
32,167,0
32,20,0
32,108,1
32,106,0
32,14,0
32,30,1
32,19,0
32,24,1
32,126,1
32,70,1
32,142,0
32,40,1
32,144,1
32,40,1
32,131,1
32,175,0
32,103,0
32,92,0
32,134,0
32,70,1
32,182,0
32,139,1
32,30,0
32,160,1
32,1,0
32,92,1
32,176,0
32,130,0
32,39,1
32,52,1
32,192,1
32,88,1
32,67,1
32,123,1
32,176,0
32,24,0
32,184,1
32,197,0
32,111,0
32,197,0
32,2,1
32,31,1
32,175,1
33,48,1
33,115,0
33,147,0
33,61,1
33,85,1
33,8,1
33,115,1
33,33,0
33,43,1
33,43,1
33,134,0
33,128,1
33,22,1
33,113,1
33,168,1
33,43,0
33,129,1
33,48,1
33,12,1
33,188,0
33,73,1
33,18,1
33,85,1
33,46,1
33,140,0
33,36,1
33,114,1
33,6,1
33,43,1
33,8,1
33,17,0
33,199,1
33,61,0
33,48,0
33,13,0
33,168,1
33,153,0
33,1,1
33,78,0
33,36,1
33,89,1
33,153,1
33,56,0
33,7,0
33,57,1
33,168,1
33,133,0
33,191,1
33,165,1
33,154,0
34,66,1
34,196,0
34,79,0
34,34,0
34,197,1
34,40,0
34,28,1
34,37,0
34,105,0
34,181,0
34,60,1
34,179,1
34,179,1
34,196,1
34,141,1
34,120,0
34,100,1
34,60,1
34,3,0
34,56,0
34,193,0
34,117,0
34,90,0
34,109,1
34,100,1
34,170,1
34,5,1
34,5,0
34,161,1
34,142,0
34,12,1
34,84,1
34,54,1
34,14,1
34,118,0
34,148,1
34,178,0
34,90,1
34,171,0
34,116,1
34,189,0
34,183,0
34,117,1
34,100,1
34,156,0
34,100,1
34,93,1
34,33,1
34,14,1
34,117,1
35,32,0
35,75,1
35,147,1
35,147,1
35,141,1
35,174,1
35,163,1
35,66,1
35,189,1
35,5,1
35,76,1
35,23,1
35,196,1
35,198,1
35,45,0
35,92,0
35,84,1
35,17,0
35,16,0
35,198,0
35,110,1
35,179,1
35,181,1
35,198,1
35,180,0
35,90,1
35,179,1
35,170,1
35,127,0
35,179,1
35,60,1
35,181,1
35,53,0
35,105,1
35,181,1
35,198,1
35,78,0
35,3,1
35,109,1
35,4,0
35,93,0
35,141,1
35,141,1
35,161,0
35,110,0
35,150,1
35,80,0
35,170,1
35,90,1
35,4,1
36,161,0
36,100,1
36,84,1
36,5,1
36,73,1
36,77,0
36,28,1
36,60,0
36,4,1
36,39,1
36,187,0
36,90,1
36,132,0
36,5,1
36,133,1
36,5,1
36,20,1
36,26,0
36,84,1
36,163,0
36,60,1
36,117,1
36,54,1
36,179,1
36,161,1
36,33,0
36,146,0
36,179,0
36,14,1
36,196,1
36,20,1
36,174,0
36,198,1
36,84,1
36,190,0
36,136,1
36,198,1
36,196,1
36,120,0
36,179,1
36,57,1
36,90,1
36,141,1
36,54,1
36,170,1
36,23,1
36,84,1
36,110,1
36,54,0
36,93,1
37,142,1
37,119,1
37,197,1
37,182,0
37,177,1
37,25,0
37,130,1
37,180,1
37,152,1
37,74,0
37,193,0
37,49,1
37,104,1
37,72,1
37,76,0
37,77,0
37,183,0
37,21,1
37,154,1
37,104,1
37,13,1
37,123,1
37,9,1
37,100,0
37,103,0
37,197,1
37,173,1
37,106,1
37,171,1
37,195,1
37,124,0
37,34,1
37,140,0
37,178,0
37,53,1
37,145,1
37,142,1
37,91,1
37,169,1
37,16,1
37,28,0
37,20,1
37,192,0
37,21,1
37,91,1
37,171,1
37,177,1
37,119,1
37,146,1
37,119,1
38,75,0
38,185,1
38,167,1
38,105,1
38,124,0
38,159,1
38,37,1
38,71,0
38,64,0
38,29,1
38,189,1
38,167,1
38,60,0
38,8,0
38,37,1
38,126,0
38,94,1
38,122,1
38,172,1
38,156,0
38,96,1
38,137,0
38,59,0
38,121,1
38,95,1
38,114,0
38,107,1
38,185,1
38,178,1
38,69,0
38,29,1
38,96,1
38,187,1
38,133,0
38,44,1
38,10,0
38,29,1
38,87,1
38,47,1
38,22,0
38,172,1
38,29,1
38,178,1
38,156,0
38,187,1
38,44,1
38,185,1
38,64,1
38,124,1
38,44,1
39,14,1
39,14,1
39,45,0
39,60,1
39,147,1
39,116,1
39,117,1
39,15,1
39,198,1
39,38,0
39,5,1
39,198,1
39,3,1
39,125,0
39,15,1
39,198,0
39,170,1
39,85,0
39,181,0
39,99,1
39,20,0
39,74,0
39,5,0
39,84,1
39,161,1
39,181,1
39,5,1
39,151,0
39,161,1
39,117,0
39,93,1
39,10,0
39,189,1
39,196,0
39,171,1
39,33,1
39,179,1
39,33,1
39,84,0
39,179,1
39,23,1
39,179,1
39,109,1
39,188,0
39,196,1
39,66,1
39,93,1
39,110,1
39,54,1
39,10,1
40,161,0
40,4,0
40,10,1
40,122,1
40,135,0
40,177,1
40,64,1
40,187,1
40,121,1
40,187,1
40,77,1
40,62,1
40,24,1
40,138,0
40,122,1
40,47,1
40,178,0
40,44,1
40,13,0
40,95,1
40,183,1
40,137,1
40,44,1
40,29,1
40,96,1
40,47,1
40,58,0
40,29,1
40,47,1
40,105,1
40,95,1
40,116,1
40,96,1
40,64,1
40,135,1
40,29,0
40,44,1
40,77,1
40,163,0
40,147,0
40,22,1
40,178,0
40,172,1
40,95,1
40,78,1
40,185,1
40,118,0
40,22,1
40,156,1
40,94,1
41,25,0
41,163,1
41,110,0
41,81,1
41,4,1
41,136,0
41,6,0
41,32,0
41,99,1
41,0,0
41,198,1
41,116,1
41,179,1
41,175,1
41,188,0
41,196,1
41,100,1
41,99,1
41,15,1
41,35,0
41,28,1
41,192,0
41,53,0
41,82,0
41,196,1
41,99,1
41,150,0
41,161,1
41,81,1
41,196,0
41,16,1
41,22,1
41,73,0
41,54,1
41,147,1
41,181,1
41,196,1
41,97,1
41,5,1
41,69,0
41,93,1
41,189,1
41,190,1
41,113,0
41,84,1
41,141,1
41,14,1
41,54,1
41,161,1
41,181,1
42,52,1
42,92,1
42,108,1
42,30,1
42,37,0
42,58,1
42,26,1
42,52,0
42,39,1
42,129,0
42,121,0
42,193,0
42,52,1
42,113,0
42,149,0
42,182,1
42,68,1
42,31,1
42,160,1
42,71,1
42,139,1
42,131,1
42,159,0
42,92,1
42,109,0
42,86,1
42,139,0
42,139,1
42,139,1
42,108,1
42,192,1
42,88,1
42,85,1
42,193,0
42,82,1
42,184,1
42,63,0
42,155,1
42,149,1
42,144,1
42,39,1
42,162,0
42,86,1
42,70,1
42,126,0
42,108,1
42,79,1
42,42,1
42,4,0
42,31,1
43,135,1
43,64,1
43,187,1
43,107,1
43,47,1
43,29,1
43,78,0
43,175,0
43,135,1
43,118,1
43,37,1
43,105,1
43,41,1
43,62,0
43,143,0
43,134,0
43,179,0
43,96,0
43,37,0
43,77,1
43,96,0
43,156,0
43,77,1
43,56,1
43,135,1
43,37,0
43,156,1
43,156,1
43,47,1
43,131,0
43,185,1
43,124,1
43,29,0
43,183,1
43,10,1
43,71,0
43,44,0
43,156,1
43,29,0
43,135,1
43,77,1
43,1,0
43,47,0
43,121,1
43,96,1
43,172,1
43,47,1
43,156,0
43,29,1
43,87,1
44,5,1
44,100,1
44,84,1
44,57,1
44,116,1
44,141,0
44,3,0
44,23,1
44,196,1
44,109,1
44,189,0
44,16,0
44,60,1
44,31,0
44,147,1
44,148,1
44,164,0
44,190,1
44,147,1
44,136,1
44,147,1
44,7,1
44,15,1
44,57,1
44,33,1
44,15,1
44,147,1
44,190,1
44,161,1
44,139,1
44,110,0
44,117,1
44,136,1
44,190,0
44,54,1
44,100,1
44,196,1
44,161,1
44,54,1
44,147,1
44,196,1
44,82,1
44,32,0
44,171,1
44,87,0
44,97,1
44,73,1
44,171,1
44,84,1
44,161,1
45,128,1
45,68,1
45,1,0
45,114,1
45,143,1
45,85,1
45,170,0
45,113,0
45,191,0
45,137,0
45,71,0
45,48,1
45,183,0
45,85,1
45,157,1
45,11,1
45,71,1
45,43,1
45,153,1
45,46,0
45,157,0
45,46,1
45,119,0
45,188,0
45,144,0
45,43,1
45,35,1
45,111,0
45,16,0
45,68,0
45,56,1
45,55,1
45,55,1
45,143,1
45,193,0
45,59,1
45,59,1
45,6,0
45,1,1
45,80,0
45,104,0
45,12,1
45,35,1
45,153,0
45,166,0
45,64,0
45,168,1
45,84,0
45,191,1
45,55,1
46,64,1
46,118,1
46,135,0
46,95,1
46,64,0
46,92,0
46,77,1
46,155,1
46,13,0
46,61,0
46,122,0
46,167,1
46,62,0
46,185,0
46,65,0
46,193,0
46,183,1
46,78,0
46,104,0
46,24,0
46,120,0
46,85,0
46,25,0
46,107,1
46,137,0
46,116,0
46,164,0
46,167,1
46,47,1
46,24,1
46,135,0
46,195,1
46,95,1
46,105,0
46,44,1
46,72,1
46,44,1
46,172,0
46,187,1
46,121,1
46,118,1
46,43,1
46,121,1
46,87,1
46,10,1
46,185,0
46,126,1
46,48,0
46,68,0
46,37,1
47,74,0
47,72,1
47,49,1
47,60,0
47,94,0
47,21,1
47,111,0
47,74,1
47,188,0
47,173,1
47,91,1
47,180,0
47,153,0
47,1,0
47,106,0
47,45,0
47,177,1
47,152,0
47,33,1
47,110,1
47,16,0
47,102,1
47,72,0
47,101,1
47,51,1
47,195,0
47,197,1
47,72,1
47,16,1
47,146,1
47,126,1
47,173,1
47,49,1
47,104,1
47,154,0
47,197,1
47,7,1
47,140,0
47,152,1
47,6,0
47,31,0
47,25,0
47,21,1
47,122,0
47,152,1
47,16,1
47,83,0
47,145,1
47,164,1
47,190,1
48,97,1
48,55,0
48,22,1
48,114,1
48,193,1
48,128,1
48,175,0
48,13,0
48,143,1
48,59,1
48,128,0
48,128,1
48,153,1
48,48,1
48,126,0
48,12,1
48,138,1
48,175,0
48,133,1
48,162,1
48,13,1
48,133,1
48,56,1
48,153,1
48,118,1
48,115,1
48,71,1
48,193,1
48,56,1
48,47,0
48,168,1
48,128,1
48,18,1
48,133,1
48,190,0
48,188,0
48,115,0
48,27,1
48,1,1
48,1,1
48,193,1
48,137,1
48,133,1
48,18,1
48,129,0
48,129,1
48,165,0
48,85,1
48,128,0
48,188,1
49,74,1
49,153,1
49,143,1
49,1,1
49,11,1
49,138,1
49,193,1
49,1,1
49,120,1
49,48,1
49,168,0
49,119,1
49,114,0
49,172,0
49,138,1
49,159,0
49,12,1
49,43,1
49,120,0
49,55,1
49,1,1
49,36,1
49,128,1
49,128,1
49,162,1
49,85,1
49,197,0
49,35,0
49,154,0
49,112,0
49,193,1
49,188,1
49,26,0
49,13,1
49,46,0
49,61,1
49,127,0
49,193,1
49,31,0
49,120,1
49,138,1
49,12,1
49,106,0
49,35,1
49,48,1
49,120,0
49,132,0
49,1,1
49,183,0
49,21,0
50,51,1
50,16,1
50,176,1
50,197,0
50,107,0
50,173,0
50,80,0
50,102,0
50,49,1
50,74,0
50,186,1
50,195,1
50,106,1
50,127,1
50,32,0
50,74,1
50,164,1
50,9,1
50,151,1
50,77,0
50,28,0
50,66,0
50,17,1
50,114,0
50,116,0
50,177,1
50,160,0
50,59,0
50,176,1
50,133,0
50,164,1
50,92,0
50,142,0
50,17,1
50,74,1
50,164,1
50,130,0
50,194,1
50,152,1
50,51,1
50,146,1
50,135,1
50,151,1
50,173,1
50,154,0
50,125,1
50,49,1
50,125,1
50,49,1
50,17,0
51,61,1
51,125,1
51,11,0
51,165,1
51,85,1
51,168,1
51,191,1
51,129,1
51,22,0
51,120,1
51,86,0
51,113,1
51,36,1
51,71,1
51,162,1
51,138,1
51,165,1
51,128,0
51,158,1
51,46,1
51,148,0
51,155,0
51,143,0
51,128,1
51,157,1
51,18,0
51,61,1
51,12,1
51,173,1
51,83,1
51,76,0
51,120,0
51,18,1
51,168,1
51,153,1
51,8,1
51,11,1
51,48,0
51,162,0
51,55,1
51,27,1
51,12,0
51,35,1
51,62,0
51,162,1
51,133,0
51,193,0
51,138,1
51,114,0
51,54,0
52,6,1
52,11,1
52,18,0
52,71,0
52,153,0
52,85,1
52,181,0
52,83,1
52,168,1
52,34,0
52,138,1
52,38,1
52,180,0
52,12,1
52,11,1
52,171,0
52,114,0
52,38,0
52,2,1
52,43,1
52,1,1
52,89,1
52,160,0
52,59,0
52,9,0
52,180,0
52,191,1
52,145,0
52,43,1
52,168,1
52,27,1
52,165,0
52,186,0
52,1,0
52,158,1
52,133,1
52,193,1
52,110,0
52,18,1
52,113,1
52,48,1
52,136,0
52,43,1
52,6,0
52,128,0
52,50,1
52,191,1
52,128,0
52,191,0
52,63,1
53,93,0
53,133,0
53,198,1
53,23,1
53,20,0
53,96,0
53,16,0
53,117,1
53,116,1
53,163,1
53,102,1
53,59,0
53,159,1
53,116,0
53,93,1
53,4,1
53,60,1
53,15,1
53,146,1
53,97,1
53,113,1
53,5,1
53,116,1
53,97,1
53,198,1
53,174,1
53,3,1
53,33,1
53,163,0
53,60,0
53,60,1
53,190,1
53,136,1
53,171,1
53,84,1
53,136,0
53,126,0
53,69,1
53,66,1
53,84,0
53,109,1
53,92,1
53,163,1
53,60,1
53,92,1
53,60,1
53,75,1
53,163,1
53,57,0
53,5,0
54,189,1
54,66,1
54,99,1
54,159,0
54,16,1
54,33,1
54,100,1
54,116,0
54,5,1
54,161,1
54,73,1
54,32,0
54,125,0
54,141,1
54,54,1
54,165,0
54,150,1
54,99,1
54,147,1
54,181,0
54,5,1
54,115,0
54,84,1
54,54,0
54,163,1
54,75,1
54,171,1
54,93,1
54,110,1
54,76,1
54,69,1
54,20,1
54,161,1
54,58,1
54,5,1
54,196,1
54,196,0
54,174,0
54,192,0
54,75,1
54,97,1
54,109,0
54,3,1
54,33,0
54,66,1
54,163,1
54,118,0
54,60,1
54,106,0
54,163,1
55,178,1
55,2,0
55,87,1
55,124,1
55,176,0
55,10,1
55,37,1
55,84,0
55,155,0
55,94,1
55,112,1
55,78,1
55,183,1
55,124,1
55,135,1
55,47,1
55,72,0
55,107,1
55,107,1
55,185,1
55,29,1
55,137,1
55,52,1
55,95,0
55,44,1
55,150,0
55,117,0
55,37,1
55,154,0
55,185,1
55,96,1
55,73,0
55,88,0
55,76,0
55,44,1
55,121,1
55,185,1
55,29,1
55,61,0
55,183,1
55,185,1
55,55,0
55,156,1
55,19,0
55,156,1
55,64,1
55,10,1
55,137,1
55,94,0
55,10,1
56,34,0
56,124,1
56,124,1
56,35,0
56,44,1
56,29,1
56,137,1
56,156,1
56,96,1
56,22,0
56,96,1
56,133,0
56,26,0
56,22,1
56,94,1
56,95,0
56,10,1
56,86,0
56,24,1
56,170,1
56,95,1
56,82,0
56,47,0
56,95,1
56,87,1
56,122,1
56,96,1
56,64,1
56,24,0
56,156,1
56,26,0
56,145,1
56,153,0
56,94,1
56,177,1
56,156,0
56,178,1
56,10,1
56,94,1
56,128,0
56,59,1
56,31,0
56,193,0
56,37,1
56,37,1
56,62,0
56,187,1
56,34,0
56,156,1
56,106,0
57,10,1
57,87,1
57,185,0
57,175,0
57,178,1
57,96,1
57,105,1
57,122,0
57,32,1
57,172,1
57,107,1
57,79,1
57,95,1
57,77,1
57,51,0
57,20,0
57,94,1
57,107,1
57,37,0
57,5,0
57,24,1
57,152,0
57,44,1
57,96,1
57,105,1
57,105,1
57,1,1
57,137,1
57,95,0
57,95,1
57,118,1
57,31,0
57,47,1
57,197,0
57,130,0
57,87,1
57,185,1
57,105,1
57,161,0
57,124,1
57,96,0
57,62,1
57,41,1
57,164,0
57,135,1
57,132,0
57,42,0
57,77,1
57,183,1
57,95,1
58,22,1
58,97,0
58,66,0
58,84,1
58,147,1
58,198,1
58,81,1
58,99,1
58,147,1
58,115,0
58,60,1
58,60,1
58,104,0
58,27,0
58,81,1
58,15,1
58,141,1
58,2,1
58,1,0
58,10,1
58,3,1
58,76,0
58,93,1
58,196,0
58,61,0
58,100,1
58,84,0
58,198,1
58,35,1
58,150,1
58,73,1
58,190,0
58,190,1
58,82,1
58,5,0
58,173,0
58,109,1
58,89,0
58,121,0
58,25,0
58,60,1
58,146,0
58,8,1
58,77,0
58,119,1
58,28,1
58,73,1
58,168,0
58,4,1
58,98,0
59,64,1
59,171,1
59,112,1
59,167,1
59,147,0
59,122,1
59,190,0
59,122,1
59,111,0
59,29,1
59,78,1
59,190,0
59,37,0
59,147,0
59,118,1
59,108,0
59,124,0
59,124,1
59,94,1
59,80,1
59,56,0
59,121,1
59,179,1
59,107,0
59,178,1
59,172,1
59,187,1
59,85,1
59,187,0
59,137,1
59,45,0
59,76,0
59,178,1
59,94,1
59,87,1
59,107,1
59,185,1
59,100,1
59,167,1
59,181,0
59,118,1
59,77,0
59,167,1
59,2,0
59,26,0
59,37,1
59,173,0
59,24,1
59,187,1
59,166,0
60,35,1
60,6,1
60,71,1
60,167,0
60,171,0
60,166,1
60,129,1
60,12,1
60,153,1
60,165,1
60,13,1
60,138,0
60,76,0
60,11,1
60,137,1
60,5,0
60,135,0
60,166,1
60,166,1
60,168,0
60,168,1
60,129,0
60,27,1
60,12,1
60,8,1
60,71,1
60,128,0
60,55,1
60,132,0
60,158,1
60,83,1
60,90,0
60,13,1
60,6,1
60,46,0
60,46,1
60,188,1
60,56,1
60,102,0
60,173,0
60,158,1
60,59,0
60,43,1
60,193,0
60,120,0
60,128,1
60,63,1
60,18,1
60,85,1
60,85,1
61,69,1
61,69,1
61,28,1
61,78,0
61,24,0
61,72,0
61,14,1
61,99,1
61,173,0
61,174,0
61,171,1
61,148,1
61,33,1
61,13,0
61,99,1
61,174,1
61,117,0
61,128,0
61,133,0
61,58,0
61,78,0
61,20,1
61,73,0
61,14,1
61,147,0
61,116,1
61,34,0
61,196,0
61,109,1
61,3,1
61,191,0
61,169,0
61,135,0
61,117,0
61,150,0
61,99,0
61,14,1
61,99,0
61,196,1
61,28,1
61,75,1
61,145,0
61,164,0
61,118,0
61,14,1
61,93,1
61,97,0
61,97,1
61,60,1
61,33,1
62,1,1
62,62,1
62,87,1
62,167,1
62,168,0
62,87,1
62,183,0
62,47,1
62,95,1
62,41,0
62,170,0
62,105,1
62,182,1
62,199,0
62,185,1
62,33,1
62,10,1
62,10,1
62,124,0
62,121,1
62,77,1
62,95,1
62,107,1
62,29,0
62,63,0
62,105,1
62,179,0
62,47,0
62,122,1
62,94,1
62,37,1
62,24,0
62,107,1
62,62,1
62,22,1
62,77,1
62,187,1
62,78,0
62,10,1
62,54,0
62,121,1
62,187,1
62,29,1
62,112,1
62,87,1
62,156,1
62,62,1
62,94,1
62,122,1
62,118,0
63,48,1
63,13,1
63,85,1
63,43,1
63,27,1
63,56,0
63,143,0
63,114,1
63,128,1
63,153,1
63,59,1
63,6,0
63,43,1
63,158,0
63,42,0
63,162,1
63,59,1
63,165,1
63,153,1
63,134,0
63,75,0
63,36,1
63,61,1
63,59,0
63,8,1
63,46,1
63,89,1
63,83,1
63,140,0
63,188,1
63,160,0
63,56,1
63,56,0
63,166,1
63,97,0
63,191,1
63,129,1
63,166,1
63,101,1
63,128,1
63,23,0
63,38,1
63,38,1
63,36,0
63,175,0
63,11,1
63,193,0
63,157,1
63,3,0
63,1,1
64,172,1
64,62,1
64,187,1
64,187,1
64,138,0
64,135,1
64,156,1
64,44,1
64,62,1
64,122,1
64,22,1
64,107,0
64,10,0
64,95,1
64,77,1
64,98,0
64,28,0
64,57,1
64,91,1
64,87,0
64,11,0
64,107,1
64,95,1
64,77,1
64,183,1
64,169,0
64,185,1
64,10,0
64,199,0
64,94,1
64,122,0
64,95,0
64,24,1
64,156,1
64,95,1
64,154,0
64,167,0
64,98,0
64,112,1
64,62,1
64,95,1
64,191,0
64,87,1
64,4,0
64,37,0
64,87,1
64,199,0
64,37,0
64,185,0
64,172,1
65,30,0
65,96,0
65,134,1
65,169,0
65,58,1
65,39,1
65,132,1
65,50,1
65,88,1
65,113,0
65,86,1
65,30,1
65,58,1
65,174,0
65,79,0
65,68,1
65,39,1
65,32,0
65,31,1
65,182,1
65,144,1
65,131,0
65,108,1
65,40,1
65,98,1
65,175,1
65,2,1
65,182,1
65,61,0
65,144,1
65,123,1
65,88,1
65,86,0
65,92,1
65,33,0
65,132,0
65,159,0
65,192,1
65,30,1
65,144,1
65,68,0
65,167,1
65,128,0
65,166,0
65,114,0
65,108,1
65,10,0
65,99,0
65,155,1
65,155,1
66,156,0
66,167,1
66,29,1
66,77,1
66,87,1
66,135,1
66,105,0
66,113,0
66,29,0
66,87,0
66,178,1
66,96,1
66,80,0
66,107,1
66,174,1
66,14,0
66,172,1
66,29,1
66,94,0
66,178,1
66,96,1
66,172,1
66,137,1
66,101,0
66,78,1
66,121,1
66,121,1
66,112,1
66,122,1
66,121,1
66,167,1
66,105,1
66,10,0
66,64,1
66,37,1
66,77,0
66,95,1
66,64,1
66,183,0
66,156,1
66,187,1
66,135,1
66,111,0
66,94,0
66,183,1
66,124,1
66,124,0
66,190,0
66,3,1
66,37,1
67,132,1
67,115,0
67,162,0
67,24,1
67,48,0
67,58,1
67,67,0
67,147,0
67,108,1
67,128,0
67,155,1
67,132,1
67,109,0
67,29,0
67,108,1
67,175,1
67,134,1
67,25,0
67,26,1
67,132,1
67,159,0
67,139,1
67,170,0
67,68,1
67,42,1
67,42,1
67,118,0
67,180,0
67,108,1
67,82,0
67,132,1
67,132,1
67,108,0
67,92,1
67,110,0
67,49,0
67,31,0
67,50,0
67,63,1
67,58,1
67,50,1
67,131,0
67,79,0
67,92,1
67,134,1
67,39,1
67,20,0
67,50,0
67,103,1
67,68,1
68,62,1
68,96,1
68,64,1
68,10,1
68,29,1
68,31,1
68,183,1
68,178,1
68,100,1
68,105,1
68,19,0
68,183,1
68,41,1
68,44,1
68,178,1
68,88,0
68,112,1
68,64,0
68,10,1
68,156,1
68,29,0
68,37,1
68,32,0
68,187,1
68,166,0
68,126,0
68,49,0
68,178,0
68,94,1
68,150,0
68,184,0
68,108,0
68,78,1
68,95,1
68,183,1
68,44,0
68,64,1
68,172,0
68,135,1
68,44,0
68,44,1
68,124,1
68,78,1
68,10,1
68,118,1
68,143,1
68,47,1
68,64,1
68,171,1
68,107,1
69,111,1
69,152,1
69,107,1
69,180,1
69,176,1
69,176,0
69,72,1
69,9,0
69,10,0
69,151,1
69,185,0
69,123,1
69,111,1
69,106,1
69,195,0
69,125,0
69,80,1
69,25,0
69,185,0
69,72,1
69,137,0
69,13,0
69,28,1
69,101,1
69,127,1
69,45,1
69,111,0
69,105,0
69,164,1
69,197,1
69,151,1
69,104,1
69,91,1
69,52,0
69,152,1
69,74,1
69,152,1
69,177,1
69,111,1
69,146,1
69,27,0
69,125,1
69,186,1
69,48,1
69,106,0
69,25,1
69,190,1
69,146,1
69,197,1
69,41,0
70,95,1
70,95,1
70,64,1
70,94,1
70,77,1
70,64,1
70,95,1
70,62,0
70,22,0
70,62,1
70,62,0
70,94,1
70,137,0
70,105,1
70,88,0
70,73,0
70,107,0
70,137,1
70,61,1
70,44,1
70,36,0
70,95,1
70,64,0
70,156,0
70,105,1
70,62,1
70,10,1
70,58,0
70,37,1
70,167,1
70,137,1
70,124,1
70,10,0
70,78,0
70,152,0
70,107,1
70,95,0
70,37,1
70,118,1
70,92,0
70,185,0
70,187,1
70,112,0
70,187,0
70,185,1
70,100,0
70,70,0
70,107,1
70,31,0
70,187,1
71,28,0
71,196,1
71,150,0
71,190,1
71,15,1
71,5,1
71,31,1
71,116,1
71,12,0
71,81,1
71,163,1
71,76,1
71,110,1
71,69,1
71,63,0
71,116,1
71,66,0
71,57,1
71,90,0
71,60,1
71,60,1
71,170,0
71,57,1
71,111,1
71,198,1
71,182,0
71,136,1
71,4,0
71,110,1
71,84,1
71,99,1
71,170,0
71,109,1
71,136,0
71,117,0
71,76,0
71,93,1
71,144,0
71,14,1
71,148,1
71,66,1
71,147,1
71,163,0
71,84,1
71,124,0
71,15,1
71,28,1
71,23,1
71,113,0
71,76,1
72,60,0
72,179,1
72,157,1
72,4,1
72,168,0
72,198,1
72,81,1
72,171,1
72,109,1
72,118,0
72,4,1
72,100,1
72,189,1
72,117,1
72,35,0
72,70,1
72,148,0
72,97,0
72,148,1
72,97,1
72,136,1
72,71,0
72,109,1
72,123,0
72,190,1
72,129,0
72,32,1
72,171,1
72,109,1
72,54,1
72,147,0
72,69,0
72,187,0
72,57,1
72,110,0
72,75,1
72,18,0
72,181,0
72,82,1
72,32,0
72,60,1
72,196,1
72,54,1
72,60,1
72,190,1
72,32,0
72,110,1
72,87,1
72,186,0
72,66,1
73,103,1
73,35,0
73,126,0
73,50,1
73,42,1
73,175,1
73,86,0
73,103,1
73,73,1
73,160,0
73,131,1
73,42,1
73,67,1
73,132,1
73,31,1
73,98,0
73,31,1
73,184,0
73,195,0
73,34,0
73,39,0
73,50,1
73,30,1
73,103,1
73,68,1
73,65,1
73,174,0
73,149,1
73,178,1
73,140,1
73,108,1
73,31,1
73,2,1
73,137,0
73,3,0
73,31,1
73,63,1
73,70,0
73,131,1
73,34,1
73,52,1
73,91,0
73,113,0
73,199,0
73,62,0
73,175,1
73,132,1
73,82,1
73,133,0
73,53,1
74,36,1
74,117,1
74,28,1
74,69,1
74,20,1
74,98,0
74,98,0
74,100,1
74,14,1
74,97,0
74,193,0
74,67,0
74,4,1
74,111,0
74,188,0
74,141,1
74,173,0
74,136,1
74,170,1
74,100,1
74,60,1
74,196,0
74,73,1
74,170,1
74,99,1
74,189,0
74,28,1
74,75,0
74,4,1
74,97,1
74,55,0
74,20,1
74,90,0
74,75,1
74,147,1
74,33,0
74,69,1
74,196,1
74,90,1
74,15,0
74,65,1
74,90,1
74,73,1
74,117,1
74,66,1
74,196,1
74,81,1
74,99,1
74,189,1
74,75,1
75,6,1
75,166,1
75,83,1
75,130,0
75,55,1
75,199,1
75,193,1
75,48,1
75,161,0
75,18,0
75,8,1
75,157,1
75,165,1
75,55,1
75,59,1
75,29,0
75,120,1
75,153,1
75,138,1
75,120,1
75,32,0
75,120,1
75,168,1
75,83,1
75,153,0
75,191,0
75,38,0
75,18,1
75,182,0
75,32,0
75,6,1
75,33,0
75,114,0
75,115,1
75,61,1
75,86,0
75,6,1
75,114,0
75,128,1
75,27,1
75,150,0
75,21,1
75,166,1
75,114,1
75,166,1
75,59,1
75,165,1
75,153,0
75,83,1
75,36,1
76,187,0
76,176,0
76,123,1
76,102,1
76,51,1
76,155,0
76,170,0
76,173,0
76,7,1
76,169,1
76,152,0
76,74,1
76,109,0
76,146,1
76,41,1
76,101,1
76,102,1
76,123,0
76,56,0
76,154,1
76,154,1
76,111,0
76,25,0
76,81,1
76,194,1
76,7,1
76,80,1
76,49,1
76,152,1
76,21,0
76,191,0
76,152,1
76,53,1
76,186,1
76,194,1
76,53,0
76,74,1
76,194,1
76,151,1
76,104,1
76,91,1
76,146,0
76,123,1
76,198,0
76,125,1
76,9,1
76,140,1
76,66,0
76,145,1
76,17,1
77,86,0
77,145,1
77,51,1
77,28,0
77,119,1
77,9,0
77,119,0
77,141,1
77,74,1
77,51,0
77,80,1
77,125,1
77,91,0
77,9,1
77,154,1
77,51,1
77,194,1
77,102,1
77,96,0
77,102,0
77,154,1
77,106,1
77,138,0
77,177,1
77,180,0
77,108,0
77,102,1
77,195,1
77,142,1
77,143,0
77,169,1
77,152,1
77,195,1
77,80,1
77,80,1
77,25,1
77,194,0
77,51,1
77,151,1
77,186,0
77,176,1
77,152,1
77,119,0
77,176,1
77,68,0
77,125,1
77,195,1
77,151,1
77,187,1
77,19,1
78,41,0
78,43,1
78,9,0
78,191,0
78,162,1
78,18,1
78,59,1
78,113,1
78,61,1
78,188,0
78,168,1
78,85,0
78,34,1
78,121,1
78,35,1
78,1,1
78,13,1
78,8,1
78,11,1
78,48,1
78,43,1
78,109,0
78,188,1
78,143,1
78,11,1
78,46,1
78,13,1
78,193,1
78,166,1
78,188,0
78,138,1
78,48,0
78,188,1
78,0,1
78,13,1
78,108,0
78,153,1
78,115,1
78,138,1
78,81,0
78,54,0
78,71,1
78,143,1
78,56,1
78,128,1
78,113,0
78,88,0
78,162,0
78,48,1
78,0,1
79,65,1
79,40,0
79,128,0
79,30,1
79,131,1
79,79,1
79,184,0
79,120,0
79,155,1
79,165,0
79,9,0
79,52,1
79,50,1
79,30,1
79,31,1
79,71,0
79,26,1
79,92,0
79,192,1
79,2,0
79,31,1
79,128,1
79,63,1
79,65,1
79,2,1
79,42,1
79,39,1
79,42,0
79,39,1
79,26,1
79,55,0
79,70,1
79,65,1
79,79,1
79,45,0
79,132,1
79,65,1
79,139,1
79,192,1
79,133,0
79,58,1
79,98,1
79,134,1
79,73,0
79,159,1
79,68,1
79,66,0
79,42,1
79,149,1
79,108,1
80,6,1
80,89,0
80,120,1
80,13,1
80,36,1
80,1,1
80,166,1
80,115,1
80,113,1
80,115,1
80,59,1
80,129,1
80,59,0
80,1,1
80,71,0
80,134,1
80,192,1
80,8,0
80,35,0
80,36,1
80,43,0
80,12,1
80,111,1
80,162,0
80,138,1
80,162,1
80,138,1
80,180,0
80,99,1
80,34,0
80,61,0
80,108,0
80,89,1
80,150,1
80,45,0
80,85,1
80,168,1
80,165,1
80,6,1
80,85,1
80,35,1
80,138,1
80,107,1
80,157,0
80,12,1
80,167,0
80,3,1
80,153,1
80,143,1
80,128,1
81,56,1
81,129,1
81,182,0
81,113,1
81,128,1
81,12,1
81,166,1
81,188,1
81,8,1
81,143,1
81,168,1
81,85,1
81,6,1
81,89,1
81,71,1
81,89,1
81,115,1
81,13,1
81,143,1
81,133,1
81,157,1
81,83,1
81,191,0
81,153,0
81,191,1
81,1,1
81,184,0
81,110,0
81,146,0
81,153,1
81,177,0
81,138,1
81,70,0
81,70,0
81,115,0
81,59,1
81,120,1
81,133,1
81,81,1
81,83,1
81,168,0
81,191,1
81,138,0
81,85,1
81,38,1
81,53,0
81,114,1
81,165,0
81,162,0
81,157,1
82,111,1
82,49,1
82,123,1
82,9,1
82,152,0
82,169,1
82,41,1
82,41,1
82,51,1
82,102,1
82,74,1
82,111,1
82,197,0
82,195,1
82,169,1
82,126,0
82,145,1
82,102,1
82,119,1
82,25,1
82,140,1
82,186,1
82,154,0
82,140,0
82,91,1
82,21,0
82,180,0
82,173,1
82,51,1
82,61,1
82,51,1
82,9,1
82,91,1
82,91,1
82,128,0
82,84,0
82,62,0
82,1,0
82,140,0
82,98,1
82,101,0
82,180,1
82,9,1
82,15,0
82,16,1
82,130,1
82,41,1
82,194,0
82,28,0
82,197,1
83,123,0
83,122,1
83,135,1
83,64,1
83,78,1
83,118,1
83,37,1
83,62,0
83,135,1
83,40,0
83,135,1
83,137,0
83,121,1
83,122,1
83,149,0
83,64,1
83,178,0
83,121,0
83,164,1
83,80,0
83,185,1
83,107,1
83,94,1
83,87,1
83,37,1
83,30,0
83,96,1
83,10,0
83,134,0
83,93,0
83,29,0
83,64,1
83,137,1
83,167,1
83,62,1
83,46,0
83,62,1
83,45,1
83,112,1
83,187,0
83,183,1
83,47,1
83,118,1
83,183,1
83,122,1
83,96,1
83,112,1
83,77,1
83,178,0
83,113,0
84,194,1
84,7,1
84,102,1
84,154,1
84,195,1
84,63,0
84,154,1
84,53,1
84,154,1
84,19,1
84,25,0
84,194,1
84,49,1
84,54,0
84,164,1
84,186,1
84,111,1
84,43,0
84,51,1
84,151,1
84,199,0
84,101,1
84,77,0
84,123,0
84,106,1
84,140,1
84,14,0
84,45,0
84,4,0
84,197,1
84,125,1
84,127,1
84,72,1
84,145,0
84,91,1
84,184,0
84,11,0
84,152,1
84,150,0
84,194,1
84,145,0
84,45,0
84,140,0
84,150,0
84,21,1
84,169,1
84,164,0
84,45,1
84,111,0
84,145,1
85,111,1
85,119,1
85,66,0
85,5,1
85,142,1
85,17,0
85,154,1
85,16,0
85,83,0
85,176,1
85,19,1
85,199,1
85,154,0
85,146,1
85,192,1
85,102,1
85,189,1
85,53,1
85,164,1
85,110,0
85,104,1
85,4,1
85,49,1
85,111,1
85,72,1
85,123,0
85,147,1
85,52,0
85,169,1
85,199,1
85,19,1
85,80,1
85,51,1
85,74,1
85,145,1
85,6,0
85,189,0
85,145,1
85,127,1
85,53,1
85,164,1
85,30,0
85,91,1
85,72,1
85,154,1
85,41,0
85,127,0
85,25,1
85,16,1
85,76,0
86,166,0
86,141,1
86,186,0
86,33,0
86,3,1
86,198,1
86,174,0
86,169,0
86,54,1
86,150,0
86,171,1
86,28,1
86,66,1
86,75,1
86,4,1
86,8,0
86,110,1
86,174,1
86,23,1
86,23,1
86,141,1
86,161,1
86,163,1
86,75,1
86,99,0
86,23,1
86,146,1
86,32,0
86,190,1
86,109,1
86,73,1
86,190,1
86,118,0
86,170,0
86,32,1
86,33,1
86,8,0
86,161,1
86,57,1
86,73,1
86,170,1
86,48,0
86,147,1
86,116,1
86,28,1
86,148,0
86,57,1
86,124,0
86,23,1
86,150,1
87,109,0
87,32,1
87,28,1
87,32,0
87,128,1
87,129,1
87,130,1
87,56,1
87,89,1
87,144,0
87,158,1
87,157,1
87,36,1
87,57,0
87,38,1
87,108,0
87,115,1
87,107,0
87,27,1
87,11,1
87,71,1
87,152,0
87,120,1
87,36,1
87,62,0
87,120,1
87,89,1
87,70,1
87,166,0
87,129,1
87,83,1
87,71,1
87,153,1
87,71,0
87,188,1
87,85,0
87,10,0
87,28,0
87,36,0
87,143,1
87,13,1
87,153,0
87,199,1
87,110,0
87,59,0
87,64,0
87,199,0
87,21,1
87,124,0
87,166,1
88,152,1
88,96,0
88,170,0
88,177,0
88,25,1
88,91,1
88,180,1
88,16,1
88,117,0
88,130,0
88,142,1
88,176,1
88,119,1
88,7,1
88,64,0
88,123,0
88,145,1
88,194,1
88,53,1
88,165,0
88,123,1
88,152,0
88,186,1
88,58,0
88,21,1
88,152,1
88,51,1
88,89,0
88,125,1
88,82,1
88,106,0
88,143,0
88,53,1
88,72,1
88,169,1
88,119,1
88,127,1
88,75,0
88,82,0
88,16,1
88,102,1
88,80,1
88,195,0
88,104,1
88,186,1
88,173,1
88,140,1
88,130,1
88,99,0
88,93,0
89,113,1
89,60,0
89,27,1
89,179,0
89,27,1
89,129,1
89,13,0
89,89,1
89,162,0
89,59,1
89,188,1
89,11,0
89,162,1
89,89,1
89,16,0
89,59,1
89,186,1
89,128,1
89,101,0
89,158,1
89,48,1
89,104,1
89,166,1
89,188,1
89,150,1
89,157,1
89,36,1
89,168,1
89,46,1
89,186,1
89,115,1
89,99,0
89,138,1
89,13,1
89,128,0
89,38,1
89,89,0
89,85,1
89,56,1
89,162,1
89,36,1
89,3,1
89,1,0
89,113,0
89,48,1
89,158,1
89,35,1
89,129,1
89,45,0
89,113,1
90,161,0
90,30,0
90,81,1
90,171,1
90,127,1
90,179,0
90,168,0
90,117,0
90,15,1
90,73,0
90,109,1
90,141,0
90,181,1
90,150,1
90,150,1
90,133,0
90,60,1
90,60,1
90,109,1
90,4,1
90,141,1
90,81,1
90,150,0
90,20,1
90,170,1
90,14,1
90,84,1
90,161,1
90,111,0
90,57,1
90,5,0
90,57,0
90,18,0
90,170,1
90,100,1
90,81,1
90,93,0
90,58,0
90,11,1
90,179,1
90,108,0
90,160,0
90,167,0
90,198,1
90,96,0
90,199,0
90,181,1
90,117,1
90,15,1
90,147,1
91,36,0
91,115,1
91,165,1
91,101,0
91,22,0
91,27,1
91,138,1
91,114,1
91,17,0
91,129,1
91,6,1
91,43,1
91,11,1
91,87,0
91,38,1
91,193,1
91,61,1
91,191,1
91,129,1
91,55,1
91,36,1
91,14,1
91,157,1
91,36,1
91,6,1
91,48,1
91,8,0
91,30,0
91,9,0
91,193,0
91,165,1
91,188,1
91,60,0
91,89,0
91,138,0
91,158,0
91,61,1
91,114,0
91,94,0
91,71,1
91,158,0
91,32,0
91,115,1
91,129,1
91,113,1
91,27,1
91,46,1
91,199,1
91,133,1
91,104,0
92,130,1
92,195,1
92,198,0
92,72,1
92,51,1
92,110,1
92,74,1
92,102,0
92,49,1
92,72,1
92,91,0
92,152,1
92,156,0
92,16,1
92,21,1
92,13,0
92,123,1
92,74,1
92,186,0
92,145,1
92,74,1
92,40,0
92,140,1
92,104,1
92,151,1
92,91,0
92,49,0
92,16,1
92,127,1
92,150,0
92,112,0
92,9,0
92,145,1
92,21,0
92,45,1
92,49,1
92,171,1
92,104,1
92,21,1
92,126,1
92,106,0
92,101,1
92,164,0
92,111,0
92,91,1
92,142,1
92,197,1
92,173,1
92,159,1
92,106,1
93,97,0
93,59,1
93,153,0
93,104,0
93,89,1
93,143,1
93,129,0
93,199,0
93,29,1
93,13,1
93,11,1
93,199,1
93,0,1
93,188,1
93,133,1
93,199,1
93,27,1
93,20,1
93,23,1
93,59,1
93,99,0
93,138,0
93,126,0
93,61,1
93,8,1
93,12,1
93,35,0
93,43,1
93,19,1
93,193,0
93,191,0
93,120,1
93,128,1
93,55,1
93,56,1
93,8,1
93,8,1
93,20,0
93,114,1
93,22,0
93,92,0
93,11,1
93,81,0
93,122,0
93,143,1
93,48,1
93,89,1
93,83,0
93,103,0
93,115,1
94,98,0
94,32,1
94,181,1
94,116,1
94,57,1
94,55,1
94,33,1
94,147,1
94,163,1
94,174,1
94,54,1
94,97,0
94,90,1
94,33,1
94,55,0
94,84,1
94,84,1
94,28,1
94,93,1
94,32,1
94,16,1
94,73,1
94,69,0
94,162,0
94,71,0
94,93,1
94,82,0
94,69,1
94,73,1
94,4,1
94,98,0
94,20,1
94,76,1
94,60,1
94,33,1
94,121,0
94,90,1
94,163,1
94,90,1
94,161,1
94,48,0
94,28,1
94,60,1
94,73,1
94,3,1
94,81,1
94,110,1
94,33,1
94,54,1
94,27,0
95,47,1
95,44,1
95,10,1
95,141,0
95,172,1
95,122,1
95,44,1
95,8,0
95,156,1
95,14,0
95,127,1
95,37,1
95,135,1
95,91,0
95,156,1
95,22,1
95,94,1
95,24,0
95,29,1
95,58,0
95,112,1
95,135,1
95,62,1
95,35,0
95,156,1
95,107,1
95,124,1
95,24,1
95,47,1
95,87,1
95,87,1
95,101,0
95,185,1
95,64,1
95,44,0
95,65,0
95,64,1
95,96,1
95,122,1
95,52,1
95,167,1
95,52,0
95,137,1
95,47,0
95,92,0
95,62,1
95,64,1
95,10,1
95,78,1
95,99,0
96,115,1
96,143,1
96,199,0
96,188,1
96,1,1
96,70,0
96,114,1
96,24,1
96,43,0
96,95,1
96,1,1
96,18,1
96,46,1
96,1,0
96,44,1
96,55,1
96,177,0
96,165,1
96,39,0
96,114,1
96,133,1
96,147,0
96,59,1
96,51,0
96,59,0
96,129,0
96,11,0
96,111,0
96,59,1
96,73,0
96,133,0
96,113,1
96,162,1
96,191,1
96,115,1
96,196,0
96,192,0
96,120,1
96,168,1
96,89,1
96,158,0
96,6,1
96,160,1
96,191,0
96,165,1
96,52,0
96,120,0
96,139,1
96,0,1
96,36,1
97,119,1
97,125,1
97,197,0
97,123,1
97,25,1
97,49,0
97,48,0
97,129,0
97,19,1
97,130,1
97,194,1
97,6,1
97,74,1
97,18,1
97,41,1
97,130,1
97,119,1
97,142,1
97,162,0
97,152,0
97,123,1
97,98,0
97,108,0
97,123,0
97,9,1
97,194,0
97,169,1
97,194,0
97,119,1
97,8,0
97,145,1
97,7,1
97,9,0
97,154,1
97,176,1
97,167,0
97,41,1
97,145,1
97,104,1
97,49,0
97,151,1
97,195,0
97,11,0
97,177,0
97,145,0
97,29,1
97,180,1
97,125,1
97,164,0
97,169,1
98,76,1
98,17,1
98,190,1
98,73,0
98,30,1
98,57,1
98,161,1
98,15,0
98,171,1
98,69,1
98,198,1
98,148,1
98,190,1
98,84,0
98,73,0
98,48,0
98,66,1
98,181,1
98,18,1
98,148,1
98,122,0
98,144,1
98,110,0
98,69,0
98,116,1
98,109,1
98,99,1
98,69,1
98,179,0
98,110,1
98,40,0
98,147,1
98,4,1
98,33,1
98,76,1
98,93,1
98,90,0
98,120,0
98,198,1
98,196,1
98,170,1
98,198,1
98,150,1
98,181,1
98,81,1
98,90,0
98,97,0
98,93,1
98,75,1
98,60,1
99,35,0
99,72,1
99,169,1
99,146,1
99,104,1
99,194,0
99,195,0
99,130,1
99,176,1
99,101,1
99,127,0
99,0,1
99,65,0
99,173,1
99,176,1
99,142,1
99,25,1
99,41,1
99,17,1
99,25,1
99,25,0
99,74,1
99,17,1
99,186,1
99,91,1
99,176,1
99,90,0
99,173,1
99,43,0
99,52,0
99,51,1
99,69,0
99,91,0
99,146,1
99,56,0
99,197,1
99,180,0
99,80,1
99,145,1
99,98,0
99,5,0
99,152,1
99,87,0
99,186,1
99,74,1
99,153,0
99,51,1
99,111,1
99,104,0
99,151,0
